--AEROLINEAS
insert into Airline (id, name) values (1, 'Ryanair');
insert into Airline (id, name) values (2, 'Vueling');
insert into Airline (id, name) values (3, 'KLM');
insert into Airline (id, name) values (4, 'Iberia');
insert into Airline (id, name) values (5, 'Qatar Airways');
insert into Airline (id, name) values (6, 'Air Canada');
insert into Airline (id, name) values (7, 'Emirates');
insert into Airline (id, name) values (8, 'TAP Portugal');
insert into Airline (id, name) values (9, 'AirEuropa');
insert into Airline (id, name) values (10, 'EasyJet');
--AEROPUERTOS
insert into Airport (id, code, name) values (1, 'ALC', 'El Altet Airport');
insert into Airport (id, code, name) values (2, 'BCN', 'El Prat Airport');
insert into Airport (id, code, name) values (3, 'MAD', 'Barajar Airport');
insert into Airport (id, code, name) values (4, 'IBZ', 'Ibiza Airport');
insert into Airport (id, code, name) values (5, 'AGP', 'Malaga Airport');
insert into Airport (id, code, name) values (6, 'LHR', 'Heathrow Airport');
insert into Airport (id, code, name) values (7, 'CDG', 'Charles de Gaulle Airport');
insert into Airport (id, code, name) values (8, 'AMS', 'Amsterdam Airport');
insert into Airport (id, code, name) values (9, 'FRA', 'Frankfurt Airport');
insert into Airport (id, code, name) values (10, 'SIN', 'Singapore Changi Airport');
insert into Airport (id, code, name) values (11, 'SFO', 'San Francisco International Airport');
insert into Airport (id, code, name) values (12, 'YYZ', 'Toronto Pearson Airport');
insert into Airport (id, code, name) values (13, 'MEX', 'Benito Suarez International Airport');
insert into Airport (id, code, name) values (14, 'LGW', 'London Gatwick Airport');
insert into Airport (id, code, name) values (15, 'HND', 'Tokyo Haneda Airport');
insert into Airport (id, code, name) values (16, 'DXB', 'Dubai International Airport');
insert into Airport (id, code, name) values (17, 'BRU', 'Brussels Airport');
insert into Airport (id, code, name) values (18, 'SOF', 'Sofia Airport');
insert into Airport (id, code, name) values (19, 'ORY', 'Paris Orly Airport');
insert into Airport (id, code, name) values (20, 'BER', 'Berlin Brandenburg Airport');
insert into Airport (id, code, name) values (21, 'MUC', 'Munich Airport');
insert into Airport (id, code, name) values (22, 'BUD', 'Budapest Airport');
insert into Airport (id, code, name) values (23, 'DUB', 'Dublin Airport');
insert into Airport (id, code, name) values (24, 'NAP', 'Naples Airport');
insert into Airport (id, code, name) values (25, 'VCE', 'Venice Airport');
insert into Airport (id, code, name) values (26, 'MLA', 'Malta Airport');
insert into Airport (id, code, name) values (27, 'LIS', 'Lisbos Airport');
insert into Airport (id, code, name) values (28, 'OPO', 'Porto Airport');
insert into Airport (id, code, name) values (29, 'ZRH', 'Zurich Airport');
insert into Airport (id, code, name) values (30, 'IST', 'Istanbul Airport');
--ASIENTOS
insert into Seat (id, number, aisle) values (1, 'A1', 1);
insert into Seat (id, number, aisle) values (2, 'A2', 2);
insert into Seat (id, number, aisle) values (3, 'A3', 3);
insert into Seat (id, number, aisle) values (4, 'B1', 1);
insert into Seat (id, number, aisle) values (5, 'B2', 2);
insert into Seat (id, number, aisle) values (6, 'B3', 3);
insert into Seat (id, number, aisle) values (7, 'C1', 1);
insert into Seat (id, number, aisle) values (8, 'C2', 2);
insert into Seat (id, number, aisle) values (9, 'C3', 3);
insert into Seat (id, number, aisle) values (10, 'D1', 1);
insert into Seat (id, number, aisle) values (11, 'D2', 2);
insert into Seat (id, number, aisle) values (12, 'D3', 3);
insert into Seat (id, number, aisle) values (13, 'E1', 1);
insert into Seat (id, number, aisle) values (14, 'E2', 2);
insert into Seat (id, number, aisle) values (15, 'E3', 3);
insert into Seat (id, number, aisle) values (16, 'F1', 1);
insert into Seat (id, number, aisle) values (17, 'F2', 2);

--VUELOS
insert into Flight (id, FLIGHT_NUMBER, DEPARTURE_DATE, ARRIVAL_DATE, DEPARTURE_TIME, ARRIVAL_TIME, DURATION, PRICE, AIRLINE_ID, AIRPORT_ARRIVAL_ID, AIRPORT_DEPARTURE_ID) values (1, 'SV4586', '2021-10-02', '2021-01-29', '21:35', '12:40', 41, 648.85, 9, 5, 20);
insert into Flight (id, FLIGHT_NUMBER, DEPARTURE_DATE, ARRIVAL_DATE, DEPARTURE_TIME, ARRIVAL_TIME, DURATION, PRICE, AIRLINE_ID, AIRPORT_ARRIVAL_ID, AIRPORT_DEPARTURE_ID) values (2, 'FC2543', '2021-06-02', '2021-02-08', '19:17', '5:35', 176, 634.20, 2, 20, 5);
insert into Flight (id, FLIGHT_NUMBER, DEPARTURE_DATE, ARRIVAL_DATE, DEPARTURE_TIME, ARRIVAL_TIME, DURATION, PRICE, AIRLINE_ID, AIRPORT_ARRIVAL_ID, AIRPORT_DEPARTURE_ID) values (3, 'ZG1437', '2021-06-06', '2021-06-11', '12:56', '6:53', 171, 656.06, 1, 1, 30);
insert into Flight (id, FLIGHT_NUMBER, DEPARTURE_DATE, ARRIVAL_DATE, DEPARTURE_TIME, ARRIVAL_TIME, DURATION, PRICE, AIRLINE_ID, AIRPORT_ARRIVAL_ID, AIRPORT_DEPARTURE_ID) values (4, 'GQ7442', '2021-02-27', '2021-07-23', '11:19', '23:57', 413, 850.54, 2, 2, 29);
insert into Flight (id, FLIGHT_NUMBER, DEPARTURE_DATE, ARRIVAL_DATE, DEPARTURE_TIME, ARRIVAL_TIME, DURATION, PRICE, AIRLINE_ID, AIRPORT_ARRIVAL_ID, AIRPORT_DEPARTURE_ID) values (5, 'SN7052', '2021-02-03', '2021-11-30', '12:45', '10:41', 61, 417.33, 3, 3, 28);
insert into Flight (id, FLIGHT_NUMBER, DEPARTURE_DATE, ARRIVAL_DATE, DEPARTURE_TIME, ARRIVAL_TIME, DURATION, PRICE, AIRLINE_ID, AIRPORT_ARRIVAL_ID, AIRPORT_DEPARTURE_ID) values (6, 'HR9028', '2021-02-01', '2021-07-21', '19:33', '1:44', 257, 639.58, 4, 4, 27);
insert into Flight (id, FLIGHT_NUMBER, DEPARTURE_DATE, ARRIVAL_DATE, DEPARTURE_TIME, ARRIVAL_TIME, DURATION, PRICE, AIRLINE_ID, AIRPORT_ARRIVAL_ID, AIRPORT_DEPARTURE_ID) values (7, 'VO8017', '2021-09-02', '2021-04-20', '10:26', '2:37', 446, 900.03, 5, 5, 26);
insert into Flight (id, FLIGHT_NUMBER, DEPARTURE_DATE, ARRIVAL_DATE, DEPARTURE_TIME, ARRIVAL_TIME, DURATION, PRICE, AIRLINE_ID, AIRPORT_ARRIVAL_ID, AIRPORT_DEPARTURE_ID) values (8, 'CH5624', '2021-10-11', '2021-03-19', '16:19', '4:41', 340, 651.51, 6, 6, 25);
insert into Flight (id, FLIGHT_NUMBER, DEPARTURE_DATE, ARRIVAL_DATE, DEPARTURE_TIME, ARRIVAL_TIME, DURATION, PRICE, AIRLINE_ID, AIRPORT_ARRIVAL_ID, AIRPORT_DEPARTURE_ID) values (9, 'VS9370', '2021-03-19', '2021-09-06', '3:51', '23:02', 82, 662.99, 7, 7, 24);
insert into Flight (id, FLIGHT_NUMBER, DEPARTURE_DATE, ARRIVAL_DATE, DEPARTURE_TIME, ARRIVAL_TIME, DURATION, PRICE, AIRLINE_ID, AIRPORT_ARRIVAL_ID, AIRPORT_DEPARTURE_ID) values (10, 'JF9289', '2021-02-26', '2021-04-25', '8:48', '9:29', 158, 363.97, 8, 8, 23);
insert into Flight (id, FLIGHT_NUMBER, DEPARTURE_DATE, ARRIVAL_DATE, DEPARTURE_TIME, ARRIVAL_TIME, DURATION, PRICE, AIRLINE_ID, AIRPORT_ARRIVAL_ID, AIRPORT_DEPARTURE_ID) values (11, 'WI1310', '2021-11-28', '2021-04-26', '23:07', '12:05', 324, 701.55, 9, 9, 22);
insert into Flight (id, FLIGHT_NUMBER, DEPARTURE_DATE, ARRIVAL_DATE, DEPARTURE_TIME, ARRIVAL_TIME, DURATION, PRICE, AIRLINE_ID, AIRPORT_ARRIVAL_ID, AIRPORT_DEPARTURE_ID) values (12, 'ZP4841', '2021-11-07', '2021-08-14', '15:40', '21:20', 1, 497.44, 10, 10, 21);
insert into Flight (id, FLIGHT_NUMBER, DEPARTURE_DATE, ARRIVAL_DATE, DEPARTURE_TIME, ARRIVAL_TIME, DURATION, PRICE, AIRLINE_ID, AIRPORT_ARRIVAL_ID, AIRPORT_DEPARTURE_ID) values (13, 'OB8740', '2021-02-19', '2021-05-27', '6:31', '4:27', 152, 499.49, 1, 11, 20);
insert into Flight (id, FLIGHT_NUMBER, DEPARTURE_DATE, ARRIVAL_DATE, DEPARTURE_TIME, ARRIVAL_TIME, DURATION, PRICE, AIRLINE_ID, AIRPORT_ARRIVAL_ID, AIRPORT_DEPARTURE_ID) values (14, 'AF3842', '2021-10-09', '2021-08-18', '13:14', '19:54', 303, 308.29, 2, 12, 19);
insert into Flight (id, FLIGHT_NUMBER, DEPARTURE_DATE, ARRIVAL_DATE, DEPARTURE_TIME, ARRIVAL_TIME, DURATION, PRICE, AIRLINE_ID, AIRPORT_ARRIVAL_ID, AIRPORT_DEPARTURE_ID) values (15, 'MD9333', '2021-07-21', '2021-10-13', '12:39', '16:12', 496, 437.91, 3, 13, 18);
insert into Flight (id, FLIGHT_NUMBER, DEPARTURE_DATE, ARRIVAL_DATE, DEPARTURE_TIME, ARRIVAL_TIME, DURATION, PRICE, AIRLINE_ID, AIRPORT_ARRIVAL_ID, AIRPORT_DEPARTURE_ID) values (16, 'BA1947', '2021-07-23', '2021-06-19', '20:05', '0:35', 327, 504.17, 4, 14, 17);
insert into Flight (id, FLIGHT_NUMBER, DEPARTURE_DATE, ARRIVAL_DATE, DEPARTURE_TIME, ARRIVAL_TIME, DURATION, PRICE, AIRLINE_ID, AIRPORT_ARRIVAL_ID, AIRPORT_DEPARTURE_ID) values (17, 'JZ3425', '2021-04-03', '2021-11-05', '2:38', '15:24', 36, 935.37, 5, 15, 18);
insert into Flight (id, FLIGHT_NUMBER, DEPARTURE_DATE, ARRIVAL_DATE, DEPARTURE_TIME, ARRIVAL_TIME, DURATION, PRICE, AIRLINE_ID, AIRPORT_ARRIVAL_ID, AIRPORT_DEPARTURE_ID) values (18, 'US0177', '2021-12-14', '2021-05-08', '17:32', '1:30', 242, 688.40, 6, 16, 17);
insert into Flight (id, FLIGHT_NUMBER, DEPARTURE_DATE, ARRIVAL_DATE, DEPARTURE_TIME, ARRIVAL_TIME, DURATION, PRICE, AIRLINE_ID, AIRPORT_ARRIVAL_ID, AIRPORT_DEPARTURE_ID) values (19, 'RZ6445', '2021-09-08', '2021-05-16', '17:13', '5:27', 436, 946.90, 7, 17, 16);
insert into Flight (id, FLIGHT_NUMBER, DEPARTURE_DATE, ARRIVAL_DATE, DEPARTURE_TIME, ARRIVAL_TIME, DURATION, PRICE, AIRLINE_ID, AIRPORT_ARRIVAL_ID, AIRPORT_DEPARTURE_ID) values (20, 'GC3510', '2021-09-27', '2021-09-27', '21:54', '17:18', 130, 785.65, 8, 18, 15);
insert into Flight (id, FLIGHT_NUMBER, DEPARTURE_DATE, ARRIVAL_DATE, DEPARTURE_TIME, ARRIVAL_TIME, DURATION, PRICE, AIRLINE_ID, AIRPORT_ARRIVAL_ID, AIRPORT_DEPARTURE_ID) values (21, 'HD9999', '2021-08-03', '2021-06-17', '13:25', '22:53', 218, 458.76, 9, 19, 14);
insert into Flight (id, FLIGHT_NUMBER, DEPARTURE_DATE, ARRIVAL_DATE, DEPARTURE_TIME, ARRIVAL_TIME, DURATION, PRICE, AIRLINE_ID, AIRPORT_ARRIVAL_ID, AIRPORT_DEPARTURE_ID) values (22, 'NA7343', '2021-06-25', '2021-03-21', '13:13', '1:33', 161, 402.91, 10, 20, 13);
insert into Flight (id, FLIGHT_NUMBER, DEPARTURE_DATE, ARRIVAL_DATE, DEPARTURE_TIME, ARRIVAL_TIME, DURATION, PRICE, AIRLINE_ID, AIRPORT_ARRIVAL_ID, AIRPORT_DEPARTURE_ID) values (23, 'GV8433', '2021-08-19', '2021-11-18', '3:21', '16:10', 239, 705.87, 1, 21, 12);
insert into Flight (id, FLIGHT_NUMBER, DEPARTURE_DATE, ARRIVAL_DATE, DEPARTURE_TIME, ARRIVAL_TIME, DURATION, PRICE, AIRLINE_ID, AIRPORT_ARRIVAL_ID, AIRPORT_DEPARTURE_ID) values (24, 'IK1281', '2021-10-19', '2021-02-08', '19:36', '20:38', 129, 984.49, 2, 22, 11);
insert into Flight (id, FLIGHT_NUMBER, DEPARTURE_DATE, ARRIVAL_DATE, DEPARTURE_TIME, ARRIVAL_TIME, DURATION, PRICE, AIRLINE_ID, AIRPORT_ARRIVAL_ID, AIRPORT_DEPARTURE_ID) values (25, 'YX0214', '2021-01-12', '2021-01-17', '21:27', '15:45', 490, 875.35, 3, 23, 10);
insert into Flight (id, FLIGHT_NUMBER, DEPARTURE_DATE, ARRIVAL_DATE, DEPARTURE_TIME, ARRIVAL_TIME, DURATION, PRICE, AIRLINE_ID, AIRPORT_ARRIVAL_ID, AIRPORT_DEPARTURE_ID) values (26, 'TC2216', '2021-11-08', '2021-09-13', '7:42', '7:35', 88, 721.65, 4, 24, 9);
insert into Flight (id, FLIGHT_NUMBER, DEPARTURE_DATE, ARRIVAL_DATE, DEPARTURE_TIME, ARRIVAL_TIME, DURATION, PRICE, AIRLINE_ID, AIRPORT_ARRIVAL_ID, AIRPORT_DEPARTURE_ID) values (27, 'KI0054', '2021-01-25', '2021-08-22', '18:25', '18:46', 134, 944.94, 5, 25, 8);
insert into Flight (id, FLIGHT_NUMBER, DEPARTURE_DATE, ARRIVAL_DATE, DEPARTURE_TIME, ARRIVAL_TIME, DURATION, PRICE, AIRLINE_ID, AIRPORT_ARRIVAL_ID, AIRPORT_DEPARTURE_ID) values (28, 'EO5394', '2021-11-15', '2021-07-02', '13:36', '20:58', 272, 349.15, 6, 26, 7);
insert into Flight (id, FLIGHT_NUMBER, DEPARTURE_DATE, ARRIVAL_DATE, DEPARTURE_TIME, ARRIVAL_TIME, DURATION, PRICE, AIRLINE_ID, AIRPORT_ARRIVAL_ID, AIRPORT_DEPARTURE_ID) values (29, 'UY2813', '2021-08-03', '2021-07-08', '11:22', '4:00', 158, 416.14, 7, 27, 6);
insert into Flight (id, FLIGHT_NUMBER, DEPARTURE_DATE, ARRIVAL_DATE, DEPARTURE_TIME, ARRIVAL_TIME, DURATION, PRICE, AIRLINE_ID, AIRPORT_ARRIVAL_ID, AIRPORT_DEPARTURE_ID) values (30, 'CZ0859', '2021-03-16', '2021-05-12', '22:25', '12:24', 472, 723.76, 8, 28, 5);
insert into Flight (id, FLIGHT_NUMBER, DEPARTURE_DATE, ARRIVAL_DATE, DEPARTURE_TIME, ARRIVAL_TIME, DURATION, PRICE, AIRLINE_ID, AIRPORT_ARRIVAL_ID, AIRPORT_DEPARTURE_ID) values (31, 'DT9902', '2021-01-09', '2021-08-09', '4:03', '10:16', 479, 664.80, 9, 29, 4);
insert into Flight (id, FLIGHT_NUMBER, DEPARTURE_DATE, ARRIVAL_DATE, DEPARTURE_TIME, ARRIVAL_TIME, DURATION, PRICE, AIRLINE_ID, AIRPORT_ARRIVAL_ID, AIRPORT_DEPARTURE_ID) values (32, 'HM2133', '2021-12-29', '2021-10-08', '4:42', '9:53', 131, 757.30, 10, 30, 3);
insert into Flight (id, FLIGHT_NUMBER, DEPARTURE_DATE, ARRIVAL_DATE, DEPARTURE_TIME, ARRIVAL_TIME, DURATION, PRICE, AIRLINE_ID, AIRPORT_ARRIVAL_ID, AIRPORT_DEPARTURE_ID) values (33, 'WR5432', '2021-01-13', '2021-02-11', '0:24', '1:48', 49, 696.82, 1, 1, 2);
insert into Flight (id, FLIGHT_NUMBER, DEPARTURE_DATE, ARRIVAL_DATE, DEPARTURE_TIME, ARRIVAL_TIME, DURATION, PRICE, AIRLINE_ID, AIRPORT_ARRIVAL_ID, AIRPORT_DEPARTURE_ID) values (34, 'JS9230', '2021-12-18', '2021-08-27', '4:54', '5:35', 444, 575.67, 2, 2, 2);
insert into Flight (id, FLIGHT_NUMBER, DEPARTURE_DATE, ARRIVAL_DATE, DEPARTURE_TIME, ARRIVAL_TIME, DURATION, PRICE, AIRLINE_ID, AIRPORT_ARRIVAL_ID, AIRPORT_DEPARTURE_ID) values (35, 'QP5609', '2021-07-13', '2021-07-10', '6:39', '4:08', 344, 871.60, 3, 3, 1);
insert into Flight (id, FLIGHT_NUMBER, DEPARTURE_DATE, ARRIVAL_DATE, DEPARTURE_TIME, ARRIVAL_TIME, DURATION, PRICE, AIRLINE_ID, AIRPORT_ARRIVAL_ID, AIRPORT_DEPARTURE_ID) values (36, 'KE8430', '2021-04-14', '2021-02-08', '17:33', '23:28', 424, 283.26, 4, 4, 1);
insert into Flight (id, FLIGHT_NUMBER, DEPARTURE_DATE, ARRIVAL_DATE, DEPARTURE_TIME, ARRIVAL_TIME, DURATION, PRICE, AIRLINE_ID, AIRPORT_ARRIVAL_ID, AIRPORT_DEPARTURE_ID) values (37, 'FX9928', '2021-10-29', '2021-08-06', '23:34', '7:39', 108, 858.58, 5, 5, 2);
insert into Flight (id, FLIGHT_NUMBER, DEPARTURE_DATE, ARRIVAL_DATE, DEPARTURE_TIME, ARRIVAL_TIME, DURATION, PRICE, AIRLINE_ID, AIRPORT_ARRIVAL_ID, AIRPORT_DEPARTURE_ID) values (38, 'LB7791', '2021-11-28', '2021-02-15', '14:10', '2:02', 435, 789.20, 6, 6, 3);
insert into Flight (id, FLIGHT_NUMBER, DEPARTURE_DATE, ARRIVAL_DATE, DEPARTURE_TIME, ARRIVAL_TIME, DURATION, PRICE, AIRLINE_ID, AIRPORT_ARRIVAL_ID, AIRPORT_DEPARTURE_ID) values (39, 'WP1422', '2021-12-24', '2021-07-26', '3:11', '7:55', 350, 406.58, 7, 7, 4);
insert into Flight (id, FLIGHT_NUMBER, DEPARTURE_DATE, ARRIVAL_DATE, DEPARTURE_TIME, ARRIVAL_TIME, DURATION, PRICE, AIRLINE_ID, AIRPORT_ARRIVAL_ID, AIRPORT_DEPARTURE_ID) values (40, 'OE6825', '2021-03-05', '2021-06-06', '16:30', '22:02', 336, 245.91, 8, 8, 5);
insert into Flight (id, FLIGHT_NUMBER, DEPARTURE_DATE, ARRIVAL_DATE, DEPARTURE_TIME, ARRIVAL_TIME, DURATION, PRICE, AIRLINE_ID, AIRPORT_ARRIVAL_ID, AIRPORT_DEPARTURE_ID) values (41, 'JZ9451', '2021-05-07', '2021-01-24', '8:29', '21:27', 84, 977.11, 9, 9, 6);
insert into Flight (id, FLIGHT_NUMBER, DEPARTURE_DATE, ARRIVAL_DATE, DEPARTURE_TIME, ARRIVAL_TIME, DURATION, PRICE, AIRLINE_ID, AIRPORT_ARRIVAL_ID, AIRPORT_DEPARTURE_ID) values (42, 'JW5672', '2021-05-05', '2021-09-11', '5:46', '16:44', 359, 730.03, 10, 10, 7);
insert into Flight (id, FLIGHT_NUMBER, DEPARTURE_DATE, ARRIVAL_DATE, DEPARTURE_TIME, ARRIVAL_TIME, DURATION, PRICE, AIRLINE_ID, AIRPORT_ARRIVAL_ID, AIRPORT_DEPARTURE_ID) values (43, 'IX3385', '2021-03-15', '2021-08-27', '9:59', '0:55', 463, 326.90, 1, 11, 8);
insert into Flight (id, FLIGHT_NUMBER, DEPARTURE_DATE, ARRIVAL_DATE, DEPARTURE_TIME, ARRIVAL_TIME, DURATION, PRICE, AIRLINE_ID, AIRPORT_ARRIVAL_ID, AIRPORT_DEPARTURE_ID) values (44, 'PO3524', '2021-08-08', '2021-10-02', '14:27', '10:37', 39, 926.47, 2, 12, 9);
insert into Flight (id, FLIGHT_NUMBER, DEPARTURE_DATE, ARRIVAL_DATE, DEPARTURE_TIME, ARRIVAL_TIME, DURATION, PRICE, AIRLINE_ID, AIRPORT_ARRIVAL_ID, AIRPORT_DEPARTURE_ID) values (45, 'WP7775', '2021-09-01', '2021-08-17', '5:47', '16:01', 386, 916.47, 3, 13, 10);
insert into Flight (id, FLIGHT_NUMBER, DEPARTURE_DATE, ARRIVAL_DATE, DEPARTURE_TIME, ARRIVAL_TIME, DURATION, PRICE, AIRLINE_ID, AIRPORT_ARRIVAL_ID, AIRPORT_DEPARTURE_ID) values (46, 'RW2364', '2021-04-16', '2021-04-24', '22:57', '0:13', 261, 293.87, 4, 14, 11);
insert into Flight (id, FLIGHT_NUMBER, DEPARTURE_DATE, ARRIVAL_DATE, DEPARTURE_TIME, ARRIVAL_TIME, DURATION, PRICE, AIRLINE_ID, AIRPORT_ARRIVAL_ID, AIRPORT_DEPARTURE_ID) values (47, 'QC5750', '2021-07-29', '2021-04-05', '20:57', '7:18', 280, 544.36, 5, 15, 12);
insert into Flight (id, FLIGHT_NUMBER, DEPARTURE_DATE, ARRIVAL_DATE, DEPARTURE_TIME, ARRIVAL_TIME, DURATION, PRICE, AIRLINE_ID, AIRPORT_ARRIVAL_ID, AIRPORT_DEPARTURE_ID) values (48, 'HD9973', '2021-06-04', '2021-12-30', '15:41', '10:40', 485, 312.42, 6, 16, 13);
insert into Flight (id, FLIGHT_NUMBER, DEPARTURE_DATE, ARRIVAL_DATE, DEPARTURE_TIME, ARRIVAL_TIME, DURATION, PRICE, AIRLINE_ID, AIRPORT_ARRIVAL_ID, AIRPORT_DEPARTURE_ID) values (49, 'HJ6207', '2021-09-29', '2021-06-11', '12:00', '23:32', 300, 874.40, 7, 17, 14);
insert into Flight (id, FLIGHT_NUMBER, DEPARTURE_DATE, ARRIVAL_DATE, DEPARTURE_TIME, ARRIVAL_TIME, DURATION, PRICE, AIRLINE_ID, AIRPORT_ARRIVAL_ID, AIRPORT_DEPARTURE_ID) values (50, 'LS3795', '2021-08-15', '2021-08-02', '0:27', '12:56', 391, 294.25, 8, 18, 15);
insert into Flight (id, FLIGHT_NUMBER, DEPARTURE_DATE, ARRIVAL_DATE, DEPARTURE_TIME, ARRIVAL_TIME, DURATION, PRICE, AIRLINE_ID, AIRPORT_ARRIVAL_ID, AIRPORT_DEPARTURE_ID) values (51, 'SF9001', '2021-06-22', '2021-01-16', '12:09', '21:10', 440, 498.27, 9, 19, 16);
insert into Flight (id, FLIGHT_NUMBER, DEPARTURE_DATE, ARRIVAL_DATE, DEPARTURE_TIME, ARRIVAL_TIME, DURATION, PRICE, AIRLINE_ID, AIRPORT_ARRIVAL_ID, AIRPORT_DEPARTURE_ID) values (52, 'HD1859', '2021-10-18', '2021-06-19', '3:51', '7:58', 438, 936.44, 10, 20, 17);
insert into Flight (id, FLIGHT_NUMBER, DEPARTURE_DATE, ARRIVAL_DATE, DEPARTURE_TIME, ARRIVAL_TIME, DURATION, PRICE, AIRLINE_ID, AIRPORT_ARRIVAL_ID, AIRPORT_DEPARTURE_ID) values (53, 'ZM0708', '2021-05-01', '2021-03-26', '1:35', '12:51', 136, 797.39, 1, 21, 18);
insert into Flight (id, FLIGHT_NUMBER, DEPARTURE_DATE, ARRIVAL_DATE, DEPARTURE_TIME, ARRIVAL_TIME, DURATION, PRICE, AIRLINE_ID, AIRPORT_ARRIVAL_ID, AIRPORT_DEPARTURE_ID) values (54, 'NG9885', '2021-01-01', '2021-01-07', '3:50', '4:33', 99, 296.77, 2, 22, 19);
insert into Flight (id, FLIGHT_NUMBER, DEPARTURE_DATE, ARRIVAL_DATE, DEPARTURE_TIME, ARRIVAL_TIME, DURATION, PRICE, AIRLINE_ID, AIRPORT_ARRIVAL_ID, AIRPORT_DEPARTURE_ID) values (55, 'SY8649', '2021-09-23', '2021-07-30', '18:08', '1:37', 246, 221.76, 3, 23, 20);
insert into Flight (id, FLIGHT_NUMBER, DEPARTURE_DATE, ARRIVAL_DATE, DEPARTURE_TIME, ARRIVAL_TIME, DURATION, PRICE, AIRLINE_ID, AIRPORT_ARRIVAL_ID, AIRPORT_DEPARTURE_ID) values (56, 'EH3725', '2021-11-26', '2021-08-23', '18:26', '20:42', 257, 826.52, 4, 24, 21);
insert into Flight (id, FLIGHT_NUMBER, DEPARTURE_DATE, ARRIVAL_DATE, DEPARTURE_TIME, ARRIVAL_TIME, DURATION, PRICE, AIRLINE_ID, AIRPORT_ARRIVAL_ID, AIRPORT_DEPARTURE_ID) values (57, 'AQ8002', '2021-06-08', '2021-09-16', '9:51', '4:16', 421, 669.03, 5, 25, 21);
insert into Flight (id, FLIGHT_NUMBER, DEPARTURE_DATE, ARRIVAL_DATE, DEPARTURE_TIME, ARRIVAL_TIME, DURATION, PRICE, AIRLINE_ID, AIRPORT_ARRIVAL_ID, AIRPORT_DEPARTURE_ID) values (58, 'TO4981', '2021-02-03', '2021-11-23', '7:51', '12:20', 175, 655.64, 6, 26, 22);
insert into Flight (id, FLIGHT_NUMBER, DEPARTURE_DATE, ARRIVAL_DATE, DEPARTURE_TIME, ARRIVAL_TIME, DURATION, PRICE, AIRLINE_ID, AIRPORT_ARRIVAL_ID, AIRPORT_DEPARTURE_ID) values (59, 'FV2524', '2021-08-24', '2021-08-01', '20:40', '12:28', 132, 381.46, 7, 27, 23);
insert into Flight (id, FLIGHT_NUMBER, DEPARTURE_DATE, ARRIVAL_DATE, DEPARTURE_TIME, ARRIVAL_TIME, DURATION, PRICE, AIRLINE_ID, AIRPORT_ARRIVAL_ID, AIRPORT_DEPARTURE_ID) values (60, 'AU5142', '2021-10-21', '2021-12-17', '22:56', '7:55', 338, 794.82, 8, 28, 24);
insert into Flight (id, FLIGHT_NUMBER, DEPARTURE_DATE, ARRIVAL_DATE, DEPARTURE_TIME, ARRIVAL_TIME, DURATION, PRICE, AIRLINE_ID, AIRPORT_ARRIVAL_ID, AIRPORT_DEPARTURE_ID) values (61, 'DR6370', '2021-03-02', '2021-01-24', '3:24', '15:29', 232, 390.70, 9, 29, 25);
insert into Flight (id, FLIGHT_NUMBER, DEPARTURE_DATE, ARRIVAL_DATE, DEPARTURE_TIME, ARRIVAL_TIME, DURATION, PRICE, AIRLINE_ID, AIRPORT_ARRIVAL_ID, AIRPORT_DEPARTURE_ID) values (62, 'WM3046', '2021-02-22', '2021-12-30', '23:57', '23:42', 481, 854.72, 10, 30, 26);
insert into Flight (id, FLIGHT_NUMBER, DEPARTURE_DATE, ARRIVAL_DATE, DEPARTURE_TIME, ARRIVAL_TIME, DURATION, PRICE, AIRLINE_ID, AIRPORT_ARRIVAL_ID, AIRPORT_DEPARTURE_ID) values (63, 'AO2668', '2021-11-26', '2021-05-18', '23:38', '2:12', 311, 272.40, 1, 1, 27);
insert into Flight (id, FLIGHT_NUMBER, DEPARTURE_DATE, ARRIVAL_DATE, DEPARTURE_TIME, ARRIVAL_TIME, DURATION, PRICE, AIRLINE_ID, AIRPORT_ARRIVAL_ID, AIRPORT_DEPARTURE_ID) values (64, 'XW2449', '2021-09-25', '2021-11-04', '9:05', '3:07', 73, 750.43, 2, 2, 28);
insert into Flight (id, FLIGHT_NUMBER, DEPARTURE_DATE, ARRIVAL_DATE, DEPARTURE_TIME, ARRIVAL_TIME, DURATION, PRICE, AIRLINE_ID, AIRPORT_ARRIVAL_ID, AIRPORT_DEPARTURE_ID) values (65, 'OH8914', '2021-10-07', '2021-12-13', '16:25', '5:37', 133, 786.64, 3, 3, 29);
insert into Flight (id, FLIGHT_NUMBER, DEPARTURE_DATE, ARRIVAL_DATE, DEPARTURE_TIME, ARRIVAL_TIME, DURATION, PRICE, AIRLINE_ID, AIRPORT_ARRIVAL_ID, AIRPORT_DEPARTURE_ID) values (66, 'EW5379', '2021-10-30', '2021-06-20', '5:44', '1:55', 356, 991.31, 4, 4, 30);
insert into Flight (id, FLIGHT_NUMBER, DEPARTURE_DATE, ARRIVAL_DATE, DEPARTURE_TIME, ARRIVAL_TIME, DURATION, PRICE, AIRLINE_ID, AIRPORT_ARRIVAL_ID, AIRPORT_DEPARTURE_ID) values (67, 'GZ0857', '2021-07-05', '2021-07-22', '18:29', '8:34', 104, 474.69, 5, 5, 1);
insert into Flight (id, FLIGHT_NUMBER, DEPARTURE_DATE, ARRIVAL_DATE, DEPARTURE_TIME, ARRIVAL_TIME, DURATION, PRICE, AIRLINE_ID, AIRPORT_ARRIVAL_ID, AIRPORT_DEPARTURE_ID) values (68, 'KX5329', '2021-03-24', '2021-09-28', '6:35', '6:13', 62, 269.40, 6, 6, 2);
insert into Flight (id, FLIGHT_NUMBER, DEPARTURE_DATE, ARRIVAL_DATE, DEPARTURE_TIME, ARRIVAL_TIME, DURATION, PRICE, AIRLINE_ID, AIRPORT_ARRIVAL_ID, AIRPORT_DEPARTURE_ID) values (69, 'HO9440', '2021-12-07', '2021-08-22', '7:06', '12:51', 296, 410.65, 7, 7, 3);
insert into Flight (id, FLIGHT_NUMBER, DEPARTURE_DATE, ARRIVAL_DATE, DEPARTURE_TIME, ARRIVAL_TIME, DURATION, PRICE, AIRLINE_ID, AIRPORT_ARRIVAL_ID, AIRPORT_DEPARTURE_ID) values (70, 'VS6282', '2021-06-01', '2021-01-18', '5:31', '5:52', 230, 571.07, 8, 8, 4);
insert into Flight (id, FLIGHT_NUMBER, DEPARTURE_DATE, ARRIVAL_DATE, DEPARTURE_TIME, ARRIVAL_TIME, DURATION, PRICE, AIRLINE_ID, AIRPORT_ARRIVAL_ID, AIRPORT_DEPARTURE_ID) values (71, 'KG0952', '2021-03-03', '2021-02-04', '9:58', '3:30', 71, 663.17, 9, 9, 5);
insert into Flight (id, FLIGHT_NUMBER, DEPARTURE_DATE, ARRIVAL_DATE, DEPARTURE_TIME, ARRIVAL_TIME, DURATION, PRICE, AIRLINE_ID, AIRPORT_ARRIVAL_ID, AIRPORT_DEPARTURE_ID) values (72, 'GO4589', '2021-04-13', '2021-02-10', '15:12', '15:23', 296, 691.51, 10, 10, 6);
insert into Flight (id, FLIGHT_NUMBER, DEPARTURE_DATE, ARRIVAL_DATE, DEPARTURE_TIME, ARRIVAL_TIME, DURATION, PRICE, AIRLINE_ID, AIRPORT_ARRIVAL_ID, AIRPORT_DEPARTURE_ID) values (73, 'KS1140', '2021-02-16', '2021-08-12', '18:32', '21:25', 125, 821.73, 1, 11, 7);
insert into Flight (id, FLIGHT_NUMBER, DEPARTURE_DATE, ARRIVAL_DATE, DEPARTURE_TIME, ARRIVAL_TIME, DURATION, PRICE, AIRLINE_ID, AIRPORT_ARRIVAL_ID, AIRPORT_DEPARTURE_ID) values (74, 'TK9050', '2021-01-24', '2021-04-02', '18:57', '22:51', 223, 384.27, 2, 12, 8);
insert into Flight (id, FLIGHT_NUMBER, DEPARTURE_DATE, ARRIVAL_DATE, DEPARTURE_TIME, ARRIVAL_TIME, DURATION, PRICE, AIRLINE_ID, AIRPORT_ARRIVAL_ID, AIRPORT_DEPARTURE_ID) values (75, 'TB6041', '2021-01-22', '2021-05-21', '5:52', '21:34', 317, 437.62, 3, 13, 9);
insert into Flight (id, FLIGHT_NUMBER, DEPARTURE_DATE, ARRIVAL_DATE, DEPARTURE_TIME, ARRIVAL_TIME, DURATION, PRICE, AIRLINE_ID, AIRPORT_ARRIVAL_ID, AIRPORT_DEPARTURE_ID) values (76, 'XV0988', '2021-12-16', '2021-06-17', '5:47', '10:27', 298, 466.90, 4, 14, 10);
insert into Flight (id, FLIGHT_NUMBER, DEPARTURE_DATE, ARRIVAL_DATE, DEPARTURE_TIME, ARRIVAL_TIME, DURATION, PRICE, AIRLINE_ID, AIRPORT_ARRIVAL_ID, AIRPORT_DEPARTURE_ID) values (77, 'BU9766', '2021-01-22', '2021-08-20', '17:47', '8:43', 149, 401.74, 5, 15, 11);
insert into Flight (id, FLIGHT_NUMBER, DEPARTURE_DATE, ARRIVAL_DATE, DEPARTURE_TIME, ARRIVAL_TIME, DURATION, PRICE, AIRLINE_ID, AIRPORT_ARRIVAL_ID, AIRPORT_DEPARTURE_ID) values (78, 'XS7755', '2021-12-27', '2021-01-22', '2:34', '2:00', 268, 962.14, 6, 16, 12);
insert into Flight (id, FLIGHT_NUMBER, DEPARTURE_DATE, ARRIVAL_DATE, DEPARTURE_TIME, ARRIVAL_TIME, DURATION, PRICE, AIRLINE_ID, AIRPORT_ARRIVAL_ID, AIRPORT_DEPARTURE_ID) values (79, 'UO6726', '2021-07-29', '2021-01-03', '12:11', '8:38', 292, 778.75, 7, 17, 13);
insert into Flight (id, FLIGHT_NUMBER, DEPARTURE_DATE, ARRIVAL_DATE, DEPARTURE_TIME, ARRIVAL_TIME, DURATION, PRICE, AIRLINE_ID, AIRPORT_ARRIVAL_ID, AIRPORT_DEPARTURE_ID) values (80, 'JI4986', '2021-04-30', '2021-03-13', '21:11', '11:10', 90, 478.15, 8, 18, 14);
insert into Flight (id, FLIGHT_NUMBER, DEPARTURE_DATE, ARRIVAL_DATE, DEPARTURE_TIME, ARRIVAL_TIME, DURATION, PRICE, AIRLINE_ID, AIRPORT_ARRIVAL_ID, AIRPORT_DEPARTURE_ID) values (81, 'ET5155', '2021-10-16', '2021-10-27', '18:11', '18:27', 435, 709.00, 9, 19, 15);
insert into Flight (id, FLIGHT_NUMBER, DEPARTURE_DATE, ARRIVAL_DATE, DEPARTURE_TIME, ARRIVAL_TIME, DURATION, PRICE, AIRLINE_ID, AIRPORT_ARRIVAL_ID, AIRPORT_DEPARTURE_ID) values (82, 'TX2729', '2021-07-08', '2021-11-09', '14:59', '7:41', 23, 887.39, 10, 20, 16);
insert into Flight (id, FLIGHT_NUMBER, DEPARTURE_DATE, ARRIVAL_DATE, DEPARTURE_TIME, ARRIVAL_TIME, DURATION, PRICE, AIRLINE_ID, AIRPORT_ARRIVAL_ID, AIRPORT_DEPARTURE_ID) values (83, 'ZI8678', '2021-09-29', '2021-02-23', '5:33', '0:10', 213, 425.83, 1, 21, 17);
insert into Flight (id, FLIGHT_NUMBER, DEPARTURE_DATE, ARRIVAL_DATE, DEPARTURE_TIME, ARRIVAL_TIME, DURATION, PRICE, AIRLINE_ID, AIRPORT_ARRIVAL_ID, AIRPORT_DEPARTURE_ID) values (84, 'EF6690', '2021-05-14', '2021-02-04', '9:35', '13:40', 34, 942.32, 2, 22, 18);
insert into Flight (id, FLIGHT_NUMBER, DEPARTURE_DATE, ARRIVAL_DATE, DEPARTURE_TIME, ARRIVAL_TIME, DURATION, PRICE, AIRLINE_ID, AIRPORT_ARRIVAL_ID, AIRPORT_DEPARTURE_ID) values (85, 'EP6533', '2021-10-21', '2021-06-09', '23:40', '1:32', 341, 557.97, 3, 23, 19);
insert into Flight (id, FLIGHT_NUMBER, DEPARTURE_DATE, ARRIVAL_DATE, DEPARTURE_TIME, ARRIVAL_TIME, DURATION, PRICE, AIRLINE_ID, AIRPORT_ARRIVAL_ID, AIRPORT_DEPARTURE_ID) values (86, 'HX1886', '2021-03-12', '2021-10-20', '0:45', '12:10', 116, 947.49, 4, 24, 20);
insert into Flight (id, FLIGHT_NUMBER, DEPARTURE_DATE, ARRIVAL_DATE, DEPARTURE_TIME, ARRIVAL_TIME, DURATION, PRICE, AIRLINE_ID, AIRPORT_ARRIVAL_ID, AIRPORT_DEPARTURE_ID) values (87, 'NT6475', '2021-05-22', '2021-07-28', '21:54', '4:11', 489, 249.85, 5, 25, 21);
insert into Flight (id, FLIGHT_NUMBER, DEPARTURE_DATE, ARRIVAL_DATE, DEPARTURE_TIME, ARRIVAL_TIME, DURATION, PRICE, AIRLINE_ID, AIRPORT_ARRIVAL_ID, AIRPORT_DEPARTURE_ID) values (88, 'DU0249', '2021-09-09', '2021-11-29', '18:32', '16:59', 67, 231.08, 6, 26, 22);
insert into Flight (id, FLIGHT_NUMBER, DEPARTURE_DATE, ARRIVAL_DATE, DEPARTURE_TIME, ARRIVAL_TIME, DURATION, PRICE, AIRLINE_ID, AIRPORT_ARRIVAL_ID, AIRPORT_DEPARTURE_ID) values (89, 'TG6657', '2021-11-18', '2021-05-19', '4:35', '13:50', 419, 382.54, 7, 27, 23);
insert into Flight (id, FLIGHT_NUMBER, DEPARTURE_DATE, ARRIVAL_DATE, DEPARTURE_TIME, ARRIVAL_TIME, DURATION, PRICE, AIRLINE_ID, AIRPORT_ARRIVAL_ID, AIRPORT_DEPARTURE_ID) values (90, 'HP8787', '2021-05-31', '2021-10-02', '13:10', '0:39', 380, 952.67, 8, 28, 24);
insert into Flight (id, FLIGHT_NUMBER, DEPARTURE_DATE, ARRIVAL_DATE, DEPARTURE_TIME, ARRIVAL_TIME, DURATION, PRICE, AIRLINE_ID, AIRPORT_ARRIVAL_ID, AIRPORT_DEPARTURE_ID) values (91, 'SB2267', '2021-04-25', '2021-07-15', '17:55', '14:08', 30, 470.71, 9, 29, 25);
insert into Flight (id, FLIGHT_NUMBER, DEPARTURE_DATE, ARRIVAL_DATE, DEPARTURE_TIME, ARRIVAL_TIME, DURATION, PRICE, AIRLINE_ID, AIRPORT_ARRIVAL_ID, AIRPORT_DEPARTURE_ID) values (92, 'VX1065', '2021-03-10', '2021-01-01', '12:22', '19:14', 369, 528.55, 10, 30, 26);
insert into Flight (id, FLIGHT_NUMBER, DEPARTURE_DATE, ARRIVAL_DATE, DEPARTURE_TIME, ARRIVAL_TIME, DURATION, PRICE, AIRLINE_ID, AIRPORT_ARRIVAL_ID, AIRPORT_DEPARTURE_ID) values (93, 'WT6765', '2021-07-03', '2021-12-02', '1:35', '8:51', 196, 806.24, 1, 1, 27);
insert into Flight (id, FLIGHT_NUMBER, DEPARTURE_DATE, ARRIVAL_DATE, DEPARTURE_TIME, ARRIVAL_TIME, DURATION, PRICE, AIRLINE_ID, AIRPORT_ARRIVAL_ID, AIRPORT_DEPARTURE_ID) values (94, 'IN3593', '2021-02-16', '2021-01-16', '5:38', '3:00', 250, 969.42, 2, 2, 28);
insert into Flight (id, FLIGHT_NUMBER, DEPARTURE_DATE, ARRIVAL_DATE, DEPARTURE_TIME, ARRIVAL_TIME, DURATION, PRICE, AIRLINE_ID, AIRPORT_ARRIVAL_ID, AIRPORT_DEPARTURE_ID) values (95, 'NO0219', '2021-11-05', '2021-05-03', '12:05', '4:52', 57, 374.71, 3, 3, 29);
insert into Flight (id, FLIGHT_NUMBER, DEPARTURE_DATE, ARRIVAL_DATE, DEPARTURE_TIME, ARRIVAL_TIME, DURATION, PRICE, AIRLINE_ID, AIRPORT_ARRIVAL_ID, AIRPORT_DEPARTURE_ID) values (96, 'AG8626', '2021-03-08', '2021-10-10', '11:13', '17:47', 245, 653.91, 4, 4, 30);
insert into Flight (id, FLIGHT_NUMBER, DEPARTURE_DATE, ARRIVAL_DATE, DEPARTURE_TIME, ARRIVAL_TIME, DURATION, PRICE, AIRLINE_ID, AIRPORT_ARRIVAL_ID, AIRPORT_DEPARTURE_ID) values (97, 'CO4484', '2021-01-24', '2021-04-09', '7:25', '21:53', 300, 520.73, 5, 5, 1);
insert into Flight (id, FLIGHT_NUMBER, DEPARTURE_DATE, ARRIVAL_DATE, DEPARTURE_TIME, ARRIVAL_TIME, DURATION, PRICE, AIRLINE_ID, AIRPORT_ARRIVAL_ID, AIRPORT_DEPARTURE_ID) values (98, 'GL0584', '2021-06-28', '2021-07-30', '17:40', '9:34', 210, 879.43, 6, 6, 2);
insert into Flight (id, FLIGHT_NUMBER, DEPARTURE_DATE, ARRIVAL_DATE, DEPARTURE_TIME, ARRIVAL_TIME, DURATION, PRICE, AIRLINE_ID, AIRPORT_ARRIVAL_ID, AIRPORT_DEPARTURE_ID) values (99, 'EO5351', '2021-03-01', '2021-09-01', '2:06', '9:51', 37, 427.78, 7, 7, 3);
insert into Flight (id, FLIGHT_NUMBER, DEPARTURE_DATE, ARRIVAL_DATE, DEPARTURE_TIME, ARRIVAL_TIME, DURATION, PRICE, AIRLINE_ID, AIRPORT_ARRIVAL_ID, AIRPORT_DEPARTURE_ID) values (100, 'UM5617', '2021-04-18', '2021-03-29', '10:46', '4:59', 314, 634.62, 8, 8, 4);
--PASAJEROS
insert into Passenger (id, ID_NUMBER, name, age, email, gender, SEAT_ID, FLIGHT_ID) values (1, '46-1074866', 'Chantal', 55, 'cnoen0@mtv.com', 'Male', 1, 2);
insert into Passenger (id, ID_NUMBER, name, age, email, gender, SEAT_ID, FLIGHT_ID) values (2, '77-9820315', 'Kathlin', 73, 'kfanshawe1@soundcloud.com', 'Female', 2, 1);
insert into Passenger (id, ID_NUMBER, name, age, email, gender, SEAT_ID, FLIGHT_ID) values (3, '46-6393577', 'Jessalyn', 6, 'jsmithson2@yale.edu', 'Male', 3, 1);
insert into Passenger (id, ID_NUMBER, name, age, email, gender, SEAT_ID, FLIGHT_ID) values (4, '14-1181817', 'Joletta', 70, 'jdurrell3@comsenz.com', 'Male', 4, 2);
insert into Passenger (id, ID_NUMBER, name, age, email, gender, SEAT_ID, FLIGHT_ID) values (5, '25-0111006', 'Margaretta', 60, 'mmenichino4@merriam-webster.com', 'Male', 5, 3);
insert into Passenger (id, ID_NUMBER, name, age, email, gender, SEAT_ID, FLIGHT_ID) values (6, '16-0483183', 'Worth', 29, 'wsedgman5@amazon.co.jp', 'Male', 6, 4);
insert into Passenger (id, ID_NUMBER, name, age, email, gender, SEAT_ID, FLIGHT_ID) values (7, '25-8359463', 'Karry', 93, 'khaseldine6@wordpress.com', 'Female', 7, 5);
insert into Passenger (id, ID_NUMBER, name, age, email, gender, SEAT_ID, FLIGHT_ID) values (8, '37-2310957', 'Beale', 45, 'byurenev7@bloglines.com', 'Female', 8, 6);
insert into Passenger (id, ID_NUMBER, name, age, email, gender, SEAT_ID, FLIGHT_ID) values (9, '42-1788573', 'Constantin', 7, 'ccambridge8@nba.com', 'Male', 9, 7);
insert into Passenger (id, ID_NUMBER, name, age, email, gender, SEAT_ID, FLIGHT_ID) values (10, '39-8913977', 'Tony', 15, 'tdybell9@nyu.edu', 'Male', 10, 8);
insert into Passenger (id, ID_NUMBER, name, age, email, gender, SEAT_ID, FLIGHT_ID) values (11, '24-9816128', 'Lissa', 48, 'lbengtsona@tinyurl.com', 'Female', 11, 9);
insert into Passenger (id, ID_NUMBER, name, age, email, gender, SEAT_ID, FLIGHT_ID) values (12, '49-7739832', 'Geoffrey', 49, 'gjaumetb@issuu.com', 'Male', 12, 10);
insert into Passenger (id, ID_NUMBER, name, age, email, gender, SEAT_ID, FLIGHT_ID) values (13, '47-1563041', 'Fanya', 73, 'fnisbithc@istockphoto.com', 'Male', 13, 11);
insert into Passenger (id, ID_NUMBER, name, age, email, gender, SEAT_ID, FLIGHT_ID) values (14, '74-5570096', 'Lynnell', 88, 'lgregolid@nymag.com', 'Female', 14, 12);
insert into Passenger (id, ID_NUMBER, name, age, email, gender, SEAT_ID, FLIGHT_ID) values (15, '93-7808900', 'Mersey', 68, 'mruggee@independent.co.uk', 'Male', 15, 13);
insert into Passenger (id, ID_NUMBER, name, age, email, gender, SEAT_ID, FLIGHT_ID) values (16, '42-2118061', 'Shalne', 14, 'slongworthf@symantec.com', 'Male', 16, 14);
insert into Passenger (id, ID_NUMBER, name, age, email, gender, SEAT_ID, FLIGHT_ID) values (17, '16-3873082', 'Preston', 9, 'pallchorneg@storify.com', 'Male', 17, 15);
insert into Passenger (id, ID_NUMBER, name, age, email, gender, SEAT_ID, FLIGHT_ID) values (18, '14-6463213', 'Martelle', 82, 'mbiagionih@oaic.gov.au', 'Female', 1, 16);
insert into Passenger (id, ID_NUMBER, name, age, email, gender, SEAT_ID, FLIGHT_ID) values (19, '06-4146061', 'Jude', 67, 'jleani@epa.gov', 'Male', 2, 17);
insert into Passenger (id, ID_NUMBER, name, age, email, gender, SEAT_ID, FLIGHT_ID) values (20, '21-8480439', 'Chantal', 100, 'cnannininij@biglobe.ne.jp', 'Male', 3, 18);
insert into Passenger (id, ID_NUMBER, name, age, email, gender, SEAT_ID, FLIGHT_ID) values (21, '48-9622075', 'Giff', 39, 'gmaggillandreisk@cmu.edu', 'Female', 4, 19);
insert into Passenger (id, ID_NUMBER, name, age, email, gender, SEAT_ID, FLIGHT_ID) values (22, '63-8791083', 'Sukey', 12, 'stenwickl@ebay.co.uk', 'Male', 5, 20);
insert into Passenger (id, ID_NUMBER, name, age, email, gender, SEAT_ID, FLIGHT_ID) values (23, '23-2740933', 'Thornton', 59, 'tlimbrickm@printfriendly.com', 'Male', 6, 21);
insert into Passenger (id, ID_NUMBER, name, age, email, gender, SEAT_ID, FLIGHT_ID) values (24, '22-2503418', 'Mellicent', 38, 'mbattlesonn@elegantthemes.com', 'Male', 7, 22);
insert into Passenger (id, ID_NUMBER, name, age, email, gender, SEAT_ID, FLIGHT_ID) values (25, '73-7696005', 'Piggy', 18, 'pfawdryo@mapy.cz', 'Female', 8, 23);
insert into Passenger (id, ID_NUMBER, name, age, email, gender, SEAT_ID, FLIGHT_ID) values (26, '60-7790836', 'Hartley', 30, 'hclowleyp@chicagotribune.com', 'Male', 9, 24);
insert into Passenger (id, ID_NUMBER, name, age, email, gender, SEAT_ID, FLIGHT_ID) values (27, '39-3481017', 'Tatiania', 24, 'tkingsburyq@spotify.com', 'Male', 10, 25);
insert into Passenger (id, ID_NUMBER, name, age, email, gender, SEAT_ID, FLIGHT_ID) values (28, '73-2901753', 'Ashley', 84, 'agillerr@shop-pro.jp', 'Male', 11, 26);
insert into Passenger (id, ID_NUMBER, name, age, email, gender, SEAT_ID, FLIGHT_ID) values (29, '17-0102455', 'Christin', 35, 'ckimmels@sfgate.com', 'Female', 12, 27);
insert into Passenger (id, ID_NUMBER, name, age, email, gender, SEAT_ID, FLIGHT_ID) values (30, '86-1518454', 'Ferdy', 18, 'fbrandlit@360.cn', 'Male', 13, 28);
insert into Passenger (id, ID_NUMBER, name, age, email, gender, SEAT_ID, FLIGHT_ID) values (31, '96-7719924', 'Lanie', 56, 'loleksiaku@surveymonkey.com', 'Female', 14, 29);
insert into Passenger (id, ID_NUMBER, name, age, email, gender, SEAT_ID, FLIGHT_ID) values (32, '15-2557191', 'Lissi', 46, 'lmatyjav@umich.edu', 'Male', 15, 30);
insert into Passenger (id, ID_NUMBER, name, age, email, gender, SEAT_ID, FLIGHT_ID) values (33, '23-2171856', 'Hadria', 76, 'hnormandw@ameblo.jp', 'Female', 16, 31);
insert into Passenger (id, ID_NUMBER, name, age, email, gender, SEAT_ID, FLIGHT_ID) values (34, '72-4929064', 'Lanie', 41, 'ldytex@example.com', 'Male', 17, 32);
insert into Passenger (id, ID_NUMBER, name, age, email, gender, SEAT_ID, FLIGHT_ID) values (35, '25-0825345', 'Tedda', 49, 'tsherony@cpanel.net', 'Male', 1, 33);
insert into Passenger (id, ID_NUMBER, name, age, email, gender, SEAT_ID, FLIGHT_ID) values (36, '79-0237856', 'Milt', 73, 'mdudekz@sciencedaily.com', 'Female', 2, 34);
insert into Passenger (id, ID_NUMBER, name, age, email, gender, SEAT_ID, FLIGHT_ID) values (37, '83-9279802', 'Glyn', 46, 'glyes10@shareasale.com', 'Male', 3, 35);
insert into Passenger (id, ID_NUMBER, name, age, email, gender, SEAT_ID, FLIGHT_ID) values (38, '80-8412536', 'Darb', 47, 'dandrolli11@answers.com', 'Male', 4, 36);
insert into Passenger (id, ID_NUMBER, name, age, email, gender, SEAT_ID, FLIGHT_ID) values (39, '63-1515569', 'Nathanil', 86, 'nbaselio12@cyberchimps.com', 'Male', 5, 37);
insert into Passenger (id, ID_NUMBER, name, age, email, gender, SEAT_ID, FLIGHT_ID) values (40, '32-8468548', 'Templeton', 79, 'tgunthorp13@fema.gov', 'Female', 6, 38);
insert into Passenger (id, ID_NUMBER, name, age, email, gender, SEAT_ID, FLIGHT_ID) values (41, '36-8917030', 'Ninette', 7, 'ndillow14@nps.gov', 'Female', 7, 39);
insert into Passenger (id, ID_NUMBER, name, age, email, gender, SEAT_ID, FLIGHT_ID) values (42, '68-4249670', 'Moises', 3, 'mgallegos15@purevolume.com', 'Male', 8, 40);
insert into Passenger (id, ID_NUMBER, name, age, email, gender, SEAT_ID, FLIGHT_ID) values (43, '32-3945049', 'Anatol', 68, 'astammers16@github.io', 'Male', 9, 1);
insert into Passenger (id, ID_NUMBER, name, age, email, gender, SEAT_ID, FLIGHT_ID) values (44, '62-4109781', 'Corenda', 25, 'ckloster17@networksolutions.com', 'Male', 10, 2);
insert into Passenger (id, ID_NUMBER, name, age, email, gender, SEAT_ID, FLIGHT_ID) values (45, '64-0092221', 'Matilda', 35, 'mdyer18@forbes.com', 'Female', 11, 3);
insert into Passenger (id, ID_NUMBER, name, age, email, gender, SEAT_ID, FLIGHT_ID) values (46, '55-7934663', 'Rubie', 8, 'rblader19@google.com', 'Female', 12, 4);
insert into Passenger (id, ID_NUMBER, name, age, email, gender, SEAT_ID, FLIGHT_ID) values (47, '75-5370101', 'Matthew', 47, 'mspadeck1a@mediafire.com', 'Male', 13, 5);
insert into Passenger (id, ID_NUMBER, name, age, email, gender, SEAT_ID, FLIGHT_ID) values (48, '44-9320573', 'Baxie', 43, 'bmccraine1b@marketwatch.com', 'Female', 14, 6);
insert into Passenger (id, ID_NUMBER, name, age, email, gender, SEAT_ID, FLIGHT_ID) values (49, '49-6813170', 'Sisely', 70, 'spearman1c@unblog.fr', 'Male', 15, 7);
insert into Passenger (id, ID_NUMBER, name, age, email, gender, SEAT_ID, FLIGHT_ID) values (50, '52-4368619', 'Ursula', 58, 'uboynton1d@engadget.com', 'Male', 16, 8);
insert into Passenger (id, ID_NUMBER, name, age, email, gender, SEAT_ID, FLIGHT_ID) values (51, '50-1937561', 'Georgeta', 67, 'gsanchez1e@friendfeed.com', 'Male', 17, 9);
insert into Passenger (id, ID_NUMBER, name, age, email, gender, SEAT_ID, FLIGHT_ID) values (52, '94-4323684', 'Halsy', 10, 'halejandri1f@gnu.org', 'Male', 1, 10);
insert into Passenger (id, ID_NUMBER, name, age, email, gender, SEAT_ID, FLIGHT_ID) values (53, '20-3836238', 'Hagen', 75, 'hfrondt1g@artisteer.com', 'Female', 2, 11);
insert into Passenger (id, ID_NUMBER, name, age, email, gender, SEAT_ID, FLIGHT_ID) values (54, '79-1523407', 'Anstice', 89, 'arudsdale1h@who.int', 'Female', 3, 12);
insert into Passenger (id, ID_NUMBER, name, age, email, gender, SEAT_ID, FLIGHT_ID) values (55, '62-3202965', 'Dorian', 54, 'ddellatorre1i@google.fr', 'Male', 4, 13);
insert into Passenger (id, ID_NUMBER, name, age, email, gender, SEAT_ID, FLIGHT_ID) values (56, '17-6485511', 'Vivia', 69, 'vsillis1j@wordpress.com', 'Female', 5, 14);
insert into Passenger (id, ID_NUMBER, name, age, email, gender, SEAT_ID, FLIGHT_ID) values (57, '87-8001718', 'Eddy', 55, 'epeto1k@g.co', 'Female', 6, 15);
insert into Passenger (id, ID_NUMBER, name, age, email, gender, SEAT_ID, FLIGHT_ID) values (58, '79-5336836', 'Burt', 79, 'bransfield1l@liveinternet.ru', 'Male', 7, 16);
insert into Passenger (id, ID_NUMBER, name, age, email, gender, SEAT_ID, FLIGHT_ID) values (59, '54-4853642', 'Menard', 97, 'mwinchurst1m@addtoany.com', 'Male', 8, 17);
insert into Passenger (id, ID_NUMBER, name, age, email, gender, SEAT_ID, FLIGHT_ID) values (60, '33-9771849', 'Valencia', 79, 'vtetford1n@bbb.org', 'Male', 9, 18);
insert into Passenger (id, ID_NUMBER, name, age, email, gender, SEAT_ID, FLIGHT_ID) values (61, '13-3003033', 'Gillie', 87, 'ghairs1o@networkadvertising.org', 'Male', 10, 19);
insert into Passenger (id, ID_NUMBER, name, age, email, gender, SEAT_ID, FLIGHT_ID) values (62, '33-7777832', 'Lia', 65, 'lreedy1p@tamu.edu', 'Female', 11, 20);
insert into Passenger (id, ID_NUMBER, name, age, email, gender, SEAT_ID, FLIGHT_ID) values (63, '64-0086870', 'Christie', 34, 'ctatlow1q@pagesperso-orange.fr', 'Female', 12, 21);
insert into Passenger (id, ID_NUMBER, name, age, email, gender, SEAT_ID, FLIGHT_ID) values (64, '82-0970409', 'Gearard', 1, 'gpownall1r@state.gov', 'Male', 13, 22);
insert into Passenger (id, ID_NUMBER, name, age, email, gender, SEAT_ID, FLIGHT_ID) values (65, '86-7526328', 'Hilliard', 5, 'hpowdrill1s@examiner.com', 'Female', 14, 23);
insert into Passenger (id, ID_NUMBER, name, age, email, gender, SEAT_ID, FLIGHT_ID) values (66, '48-3404706', 'Mady', 4, 'mevelyn1t@list-manage.com', 'Female', 15, 24);
insert into Passenger (id, ID_NUMBER, name, age, email, gender, SEAT_ID, FLIGHT_ID) values (67, '19-1895617', 'Michal', 78, 'mtreadger1u@i2i.jp', 'Male', 16, 25);
insert into Passenger (id, ID_NUMBER, name, age, email, gender, SEAT_ID, FLIGHT_ID) values (68, '58-2730690', 'Ilysa', 28, 'idunlap1v@devhub.com', 'Male', 17, 26);
insert into Passenger (id, ID_NUMBER, name, age, email, gender, SEAT_ID, FLIGHT_ID) values (69, '01-7607902', 'Ted', 76, 'tcomer1w@gravatar.com', 'Female', 1, 27);
insert into Passenger (id, ID_NUMBER, name, age, email, gender, SEAT_ID, FLIGHT_ID) values (70, '53-9850527', 'Emmerich', 82, 'eblaes1x@ow.ly', 'Male', 2, 28);
insert into Passenger (id, ID_NUMBER, name, age, email, gender, SEAT_ID, FLIGHT_ID) values (71, '44-5467215', 'Dom', 29, 'daloigi1y@slashdot.org', 'Female', 3, 29);
insert into Passenger (id, ID_NUMBER, name, age, email, gender, SEAT_ID, FLIGHT_ID) values (72, '37-1135581', 'Mal', 10, 'mgalier1z@un.org', 'Female', 4, 30);
insert into Passenger (id, ID_NUMBER, name, age, email, gender, SEAT_ID, FLIGHT_ID) values (73, '08-9533093', 'Say', 26, 'swasielewski20@time.com', 'Female', 5, 31);
insert into Passenger (id, ID_NUMBER, name, age, email, gender, SEAT_ID, FLIGHT_ID) values (74, '40-5802323', 'Rikki', 89, 'rmaletratt21@jalbum.net', 'Female', 6, 32);
insert into Passenger (id, ID_NUMBER, name, age, email, gender, SEAT_ID, FLIGHT_ID) values (75, '75-6528757', 'Josie', 89, 'jnunan22@fc2.com', 'Male', 7, 33);
insert into Passenger (id, ID_NUMBER, name, age, email, gender, SEAT_ID, FLIGHT_ID) values (76, '93-3341496', 'Margarette', 12, 'mzorzin23@smugmug.com', 'Male', 8, 33);
insert into Passenger (id, ID_NUMBER, name, age, email, gender, SEAT_ID, FLIGHT_ID) values (77, '97-4582388', 'Casey', 77, 'cwiddowson24@dmoz.org', 'Male', 9, 34);
insert into Passenger (id, ID_NUMBER, name, age, email, gender, SEAT_ID, FLIGHT_ID) values (78, '77-3912064', 'Leena', 62, 'lglanister25@posterous.com', 'Female', 10, 35);
insert into Passenger (id, ID_NUMBER, name, age, email, gender, SEAT_ID, FLIGHT_ID) values (79, '89-5801302', 'Violet', 89, 'vpavia26@prlog.org', 'Male', 11, 36);
insert into Passenger (id, ID_NUMBER, name, age, email, gender, SEAT_ID, FLIGHT_ID) values (80, '09-9876677', 'Francisca', 96, 'fcharrington27@cnbc.com', 'Female', 12, 37);
insert into Passenger (id, ID_NUMBER, name, age, email, gender, SEAT_ID, FLIGHT_ID) values (81, '63-8071280', 'Quinton', 56, 'qlevay28@icio.us', 'Male', 13, 38);
insert into Passenger (id, ID_NUMBER, name, age, email, gender, SEAT_ID, FLIGHT_ID) values (82, '29-0680231', 'Alika', 78, 'aloftin29@huffingtonpost.com', 'Female', 14, 39);
insert into Passenger (id, ID_NUMBER, name, age, email, gender, SEAT_ID, FLIGHT_ID) values (83, '17-8735389', 'Brigitte', 82, 'bkinnach2a@newsvine.com', 'Female', 15, 40);
insert into Passenger (id, ID_NUMBER, name, age, email, gender, SEAT_ID, FLIGHT_ID) values (84, '99-9732285', 'Ondrea', 55, 'obeynke2b@google.co.jp', 'Female', 16, 1);
insert into Passenger (id, ID_NUMBER, name, age, email, gender, SEAT_ID, FLIGHT_ID) values (85, '22-9969617', 'Didi', 7, 'djillis2c@home.pl', 'Male', 17, 2);
insert into Passenger (id, ID_NUMBER, name, age, email, gender, SEAT_ID, FLIGHT_ID) values (86, '09-5508133', 'Franny', 75, 'ffonte2d@google.co.jp', 'Female', 1, 3);
insert into Passenger (id, ID_NUMBER, name, age, email, gender, SEAT_ID, FLIGHT_ID) values (87, '22-7916134', 'Humphrey', 69, 'hbedbrough2e@bbc.co.uk', 'Male', 2, 4);
insert into Passenger (id, ID_NUMBER, name, age, email, gender, SEAT_ID, FLIGHT_ID) values (88, '58-2031158', 'Elva', 56, 'enewark2f@canalblog.com', 'Female', 3, 5);
insert into Passenger (id, ID_NUMBER, name, age, email, gender, SEAT_ID, FLIGHT_ID) values (89, '99-5170795', 'Ham', 80, 'hricard2g@163.com', 'Male', 4, 6);
insert into Passenger (id, ID_NUMBER, name, age, email, gender, SEAT_ID, FLIGHT_ID) values (90, '02-3556537', 'Marcie', 3, 'mgossipin2h@ucoz.com', 'Male', 5, 7);
insert into Passenger (id, ID_NUMBER, name, age, email, gender, SEAT_ID, FLIGHT_ID) values (91, '07-4549792', 'Dud', 5, 'djoska2i@whitehouse.gov', 'Female', 6, 8);
insert into Passenger (id, ID_NUMBER, name, age, email, gender, SEAT_ID, FLIGHT_ID) values (92, '76-4640479', 'Hyacinth', 29, 'hcornehl2j@prnewswire.com', 'Female', 7, 9);
insert into Passenger (id, ID_NUMBER, name, age, email, gender, SEAT_ID, FLIGHT_ID) values (93, '63-4173127', 'Drake', 51, 'dmabley2k@google.nl', 'Female', 8, 10);
insert into Passenger (id, ID_NUMBER, name, age, email, gender, SEAT_ID, FLIGHT_ID) values (94, '46-0505779', 'Marji', 93, 'mtorresi2l@nature.com', 'Male', 9, 11);
insert into Passenger (id, ID_NUMBER, name, age, email, gender, SEAT_ID, FLIGHT_ID) values (95, '86-9038701', 'Elvera', 11, 'eberthod2m@hc360.com', 'Male', 10, 12);
insert into Passenger (id, ID_NUMBER, name, age, email, gender, SEAT_ID, FLIGHT_ID) values (96, '14-2290876', 'Kay', 12, 'kmacneilley2n@mozilla.org', 'Female', 11, 13);
insert into Passenger (id, ID_NUMBER, name, age, email, gender, SEAT_ID, FLIGHT_ID) values (97, '42-5971945', 'Davis', 3, 'dzute2o@baidu.com', 'Female', 12, 14);
insert into Passenger (id, ID_NUMBER, name, age, email, gender, SEAT_ID, FLIGHT_ID) values (98, '02-4865857', 'Alejandra', 3, 'acasburn2p@arizona.edu', 'Male', 13, 15);
insert into Passenger (id, ID_NUMBER, name, age, email, gender, SEAT_ID, FLIGHT_ID) values (99, '62-0897589', 'Page', 56, 'pstaig2q@free.fr', 'Male', 14, 16);
insert into Passenger (id, ID_NUMBER, name, age, email, gender, SEAT_ID, FLIGHT_ID) values (100, '04-5998103', 'Adriana', 59, 'akenlin2r@ehow.com', 'Female', 15, 17);